id;booking_date;start_time;end_time
1;2024-02-29T21:50:38;2024-03-01T05:33:15;2024-03-01T09:08:41
2;2024-03-01T07:23:10;2024-02-29T21:44:48;2024-02-29T22:34:40
3;2024-02-29T15:42:01;2024-03-01T14:50:33;2024-02-29T23:30:03
4;2024-03-01T03:43:09;2024-03-01T14:19:07;2024-02-29T18:00:27
5;2024-03-01T00:37:33;2024-03-01T02:24:44;2024-02-29T18:47:39
6;2024-03-01T06:34:13;2024-02-29T17:47:30;2024-03-01T02:15:48
7;2024-03-01T06:14:07;2024-02-29T20:34:37;2024-03-01T10:52:57
8;2024-03-01T15:00:28;2024-02-29T20:54:32;2024-03-01T00:44:10
9;2024-03-01T00:17:35;2024-02-29T22:21:41;2024-03-01T04:06:33
10;2024-03-01T08:25:59;2024-03-01T11:24:46;2024-02-29T23:43:51
